{"ZYHNCKKrNjADoetd8S0YAQ==":"clem-onojeghuo-219192-2000x1488.jpg","GD3e1/LQw6HCq7XwQ3+1DQ==":"edouard-tamba-204135-2000x1334.jpg","rSpKvOUEvHn1QGrSbw+l0A==":"clem-onojeghuo-219193-2000x1488.jpg","rnoU+HlDzEyUMpsianmOaQ==":"aravind-kumar-380959-2000x1333.jpg","2X5XS7h/0WLu0LUuVPHOPw==":"ross-sokolovski-115060-2000x1333.jpg","aXBykH3LQEtmJiAwf/7CsQ==":"mbr-720x1080.jpg","iHbzKAAGCi2A26oCd6T6Rw==":"annie-spratt-251226-2000x1333.jpg","dslsYVkGG8we7DfiVBe5Zg==":"annie-spratt-251227-2000x1333.jpg","cEaBUOvcs9POXvzyu8M9bQ==":"alisha-hieb-249784-2000x1333.jpg","22ZMedNoL6pre6dhwkTCHw==":"01.jpg","E/A3EznQo3+BGYTx7ypvNw==":"soap-362x400.png","rAqgqW4l3927IeBwtuIXhg==":"pinkflowers-362x252.png","uxxEuXHONDvGYdVlN7EVBw==":"purpleflowers-362x400.png","mzi3S2tOp+JrqiNzXByrog==":"1-1300x866.png","ACxe7XaWJ6gyRDGBkYdzXA==":"logo-391x162.png","pa5Dkwo/T1qgW/t0h+fQvA==":"background5.jpg","nRj9SR8fpedumqxW92OI+g==":"logo-464x288.png","lkcYe94Ov4eApC85ZRs1iw==":"blackberry-676x379.png","NBCTVHRFWp27ECnYKRKgfQ==":"blackberry-900x505.png","QtFxLX5IRcsgUFeZvJPszw==":"blackberry-1-900x505.png","CjZ4D5fJhGD1zGAEO+3jcA==":"blueberry-900x505.png","r8HClnCmgB8NJ+xFH5c6Lg==":"cranberries-900x505.png","UAc7kepzJPkrSn4uqTRvmw==":"background4.jpg","yZPL6O4S5dWDkA79E4zdhw==":"currant-660x370.png","GrhD/zXbWedgbpD1e5+BkA==":"raspberry-824x462.png","Vs/siAeRIJlOOT87z6d+8A==":"raspberry-1-824x462.png","UC5GCnhpuMykuT7R853WNg==":"raspberry-704x395.png","iX+xOOw6PSNkuhY4oTf3NA==":"strawberry-940x528.png","QhtcSzjiS5tKIC74lydUGg==":"shorthair-660x286.jpeg","PdttRQ1CS+Iv6YdxsqsmgA==":"long%20hair-824x357.jpeg","LDTQ2sVu0c1eWLT8t+sL2Q==":"curly-600x260.png","EoCTs5+FmCTAHok7ccMuUA==":"curly-554x521.png","/4HZx1wmH88aUFkCAjJN7g==":"big%20ear-660x286.jpeg","MaFu2esZ4gOl2XErRni3Og==":"bobtail-824x357.jpeg","P55Rar0V9yVQKi6NYGQlJw==":"lanky-900x390.jpg","njzRyoO8bTcoqvGLRT+WfQ==":"lanky-900x390.jpeg","v61viLqNsJhFWu0kWwTw6w==":"lanky-1-900x390.jpeg","cPH7B+LVpHzxxgGqlWiEWg==":"coyote-660x495.jpeg","tMxT8gdyPr7oKO5O7wM3wA==":"coyote-793x595.jpeg","924/f07gdJHW9pY/FPL9Ow==":"fox-824x548.jpeg","n2McJPN+6HB9xE1dmZZN/w==":"skunk-940x529.jpeg","x/4nmSeyh6ua1X1K60ihDA==":"possum-660x660.jpeg","eaXbmSnywXMSZ/Rp5fLlqA==":"opossum-824x537.jpeg","mpNg0gh+qUGgJM3MC1htjQ==":"raccoon-940x654.jpeg","c0vRWoeWjSVgPom9aM03eg==":"raccoon-772x537.jpeg","xnXfHWisFUQY1RPd6doZjQ==":"raspberry-676x379.png","q4wsCH+nV3vlFZ3a4//92g==":"shorthair-676x293.jpeg","UEmxz+WE+vSm1YtPRnSFxw==":"opossum-676x441.jpeg"}